"","Energieträger","Gewerbe, Handel, Dienstl.","Industrie","Priv. Haushalte","Verkehr"
"1","Erneuerbare",37.071418546,31.173358272,111.65981155,NA
"2","Fernwärme",23.167995756604,46.802706053246,43.47355561215,NA
"3","Gas",102.823291703012,212.433798002458,249.201506027712,1.92777932
"4","Kohle",0.010031396914,122.677043697112,3.285128739212,0
"5","Öl/Kraftstoffe",76.854421483488,23.429989855088,105.455960475812,677.61474625803
"6","Strom",133.065071174194,188.534526938612,139.286707818166,13.306672311996
