"","Energieträger","2022","2023","Prozent"
"1","Mineralöl",520.256527316,520.256527316,-2.02589386132399
"2","Erdgas",403.896082025691,403.896082025691,-10.0595785134661
"3","Steinkohle",138.963701638518,138.963701638518,-10.8383222499649
"4","Braunkohle",130.233982398795,130.233982398795,-18.1158285319526
"5","Kernenergie",21.8653989156385,21.8653989156385,-56.9401676840185
"6","Erneuerbare Energien",306.389134,306.389134,0.6
"7","Stromaustauschsaldo",-3.1034504827584,-3.1034504827584,NA
"8","Sonstige",26.1974269775107,26.1974269775107,-12.2870548613523
"9","Insgesamt",1544.6988027894,1544.6988027894,-7.11815092454816
